{
  "project_info": {
    "project_number": "480547200510",
    "firebase_url": "https://groupmaptracker.firebaseio.com",
    "project_id": "groupmaptracker",
    "storage_bucket": "groupmaptracker.appspot.com"
  },
  "client": [
    {
      "client_info": {
        "mobilesdk_app_id": "1:480547200510:android:aed7fbb2a273e9338df4af",
        "android_client_info": {
          "package_name": "com.example.groupmaptracker"
        }
      },
      "oauth_client": [
        {
          "client_id": "480547200510-11bk5fd68kjt646u59ulo9pe46vjqv9e.apps.googleusercontent.com",
          "client_type": 1,
          "android_info": {
            "package_name": "com.example.groupmaptracker",
            "certificate_hash": "1f75666968a0d16300e8be2692074121ab672170"
          }
        }
      ],
      "api_key": [
        {
          "current_key": "AIzaSyCW88yeg7OL1G3FxFkipf6zLXHXJokVtTY"
        }
      ],
      "services": {
        "appinvite_service": {
          "other_platform_oauth_client": []
        }
      }
    }
  ],
  "configuration_version": "1"
}