{
  "project_info": {
    "project_number": "480547200510",
    "firebase_url": "https://groupmaptracker.firebaseio.com",
    "project_id": "groupmaptracker",
    "storage_bucket": "groupmaptracker.appspot.com"
  },
  "client": [
    {
      "client_info": {
        "mobilesdk_app_id": "1:480547200510:android:aed7fbb2a273e9338df4af",
        "android_client_info": {
          "package_name": "com.example.groupmaptracker"
        }
      },
      "oauth_client": [
        {
          "client_id": "480547200510-gq2aqolfaoc9nfsil64suoipp7i40k47.apps.googleusercontent.com",
          "client_type": 1,
          "android_info": {
            "package_name": "com.example.groupmaptracker",
            "certificate_hash": "1f75666968a0d16300e8be2692074121ab672170"
          }
        },
        {
          "client_id": "480547200510-m5u97g7gl9lreej47a6othcp1p21lm4b.apps.googleusercontent.com",
          "client_type": 1,
          "android_info": {
            "package_name": "com.example.groupmaptracker",
            "certificate_hash": "825944fbbea3d094edb1500201001fef8784d3dd"
          }
        }
      ],
      "api_key": [
        {
          "current_key": "AIzaSyD5hBNY604bKUMu-fXhhgYBJniimjatwpg"
        }
      ],
      "services": {
        "appinvite_service": {
          "other_platform_oauth_client": []
        }
      }
    }
  ],
  "configuration_version": "1"
}